{"cameraMode":{"drawMode":0,"name":"Shaded","section":"Shading Mode"},"sceneLighting":false,"audioPlay":false,"sceneViewState":{"showFog":true,"showMaterialUpdate":false,"showSkybox":true,"showFlares":true,"showImageEffects":true,"showParticleSystems":true},"in2DMode":false,"pivot":{"x":15.0390043258667,"y":9.1544828414917,"z":5.278171539306641},"rotation":{"x":0.025484587997198106,"y":0.03148455172777176,"z":-0.0008030301542021334,"w":0.9991788268089294},"size":5.429411888122559,"orthographic":true}